ACCATRIUSA405	
ACCBLOCKWW02	
ADMATRIUSY01	
BMOBATRIUAP010	
BMOBATRIUAP011	
BMOBBLOCKAP010	
BMOBBLOCKAP011	
BMOBCDAPWS702	
BOAMATRIUAP007V	
BVOYATRIUAP002	
BVOYATRIUAP003	
BVOYATRIUAP008	
DMZADWWWB002	
DMZEATRIUWF031	
DMZEBLOCKWF031	
DMZIATRIUDB002	
DMZIATRIUWF043	
IBM1	
IBM2	
PROATRIU2OA21	
PROBLOCK2OA22	
PROBLOCKSA405	
UXORIONC011	
UXORIONC012	
UXORIONC021	
UXORIONC041	
UXVENUSC021	
UXVENUSC022	
UXVENUSC041	
UXVENUSC042	
UXVENUSC051	
UXVENUSC052	
UXORIONC021ND07	
UXORIONC032NP07	
UXORIONC041NA07	
UXVENUSC051HP01	
UXORIONC011IP07	
UXORIONC022ND07	
UXORIONC031NP07	
UXVENUSC052HP02	
PROBLOCKSAPR01	
BCPFBDAPWV001	
